file,label
0021e90e4.png,Fat Hen
003d61042.png,Loose Silky-bent
007b3da8b.png,Common Chickweed
0086a6340.png,Common Chickweed
00c47e980.png,Small-flowered Cranesbill
00d090cde.png,Common Chickweed
00ef713a8.png,Common Chickweed
01291174f.png,Common Chickweed
026716f9b.png,Loose Silky-bent
02cfeb38d.png,Loose Silky-bent
03566743d.png,Common Chickweed
03a2ee656.png,Small-flowered Cranesbill
03e322a29.png,Small-flowered Cranesbill
03ef36742.png,Common Chickweed
043449b0b.png,Common Chickweed
0437393b1.png,Scentless Mayweed
04814f36d.png,Common Chickweed
05341a8a6.png,Common Chickweed
060450d79.png,Common Chickweed
060f1dc84.png,Charlock
0625f063b.png,Small-flowered Cranesbill
063363305.png,Small-flowered Cranesbill
06d12f6fa.png,Charlock
071cb3ece.png,Loose Silky-bent
0751c0bbc.png,Common Chickweed
07e62f903.png,Maize
085974290.png,Common Chickweed
0885e7690.png,Common Chickweed
089ad62a7.png,Small-flowered Cranesbill
08d591441.png,Common Chickweed
0911d3dee.png,Scentless Mayweed
099b961ec.png,Small-flowered Cranesbill
0a64e3e6c.png,Loose Silky-bent
0ad9e7dfb.png,Common Chickweed
0ae6668fa.png,Common Chickweed
0bf7bfb05.png,Small-flowered Cranesbill
0c27cf05f.png,Common Chickweed
0c4199daa.png,Loose Silky-bent
0c45ace27.png,Common Chickweed
0c51bf229.png,Maize
0c5f6c493.png,Loose Silky-bent
0caeda5df.png,Scentless Mayweed
0d117d910.png,Charlock
0d31e6602.png,Small-flowered Cranesbill
0dba99002.png,Loose Silky-bent
0e8492cb1.png,Maize
0ebf8f2f4.png,Maize
0ee4ad224.png,Scentless Mayweed
0f6cbe5e8.png,Maize
0fb233ad6.png,Small-flowered Cranesbill
100678009896320647899893409088656908765.png,horse
104683525912619422361857060634408985829.png,cat
106969068951140273655041470296347064369.png,cow
110408828332335439225773811218593171507.png,dog
110611044018222634138856823020713578824.png,cat
112485258353284290672019959199048368754.png,cat
114772305850941529804817023941438556136.png,cow
114928248151480809544723696673666065832.png,cow
115f93ecc.png,Loose Silky-bent
116704387373891336451565740440867502286.png,cow
116b136de.png,Common Chickweed
117543511520732421976880066624886538965.png,cow
11816076994895324649934163808334277882.png,Charlock
1191ba346.png,Sugar beet
11d3f68ff.png,Common Chickweed
122913909.png,Charlock
124047223733496743652165022394853255380.png,cow
12625488b.png,Fat Hen
126885852381802297485400046421120374507.png,horse
126a71ce0.png,Charlock
128150439282056712115408218271508522690.png,horse
128666660697340047860559405866579513119.png,cat
129743092130922354709757083873252591694.png,horse
129912795065426341768877479705680766581.png,dog
1312065a5.png,Small-flowered Cranesbill
131515028209415829337163444258686192234.png,Cleavers
133841806823844001284779128832235658927.png,dog
134223686023004660961320948290751077062.png,horse
134517694510611052674113344385520452621.png,horse
1364b297a.png,Common Chickweed
1376f3b63.png,Loose Silky-bent
138087630898562419769770784939807813111.png,cat
13b9fa92d.png,Common Chickweed
140857853165198415574902366279087906293.png,cow
140874279045691525639698180662781108545.png,cat
14090112419467635596243152474014384963.png,cat
141134796774537872893376214203054235318.png,cat
141288964762857107986328591477323779391.png,horse
14380194072277964234041208705738750077.png,Charlock
1456216224179311383053419850660836360.png,cow
1459e96a0.png,Charlock
146785100480898461107064555952020161494.png,horse
148bbda66.png,Small-flowered Cranesbill
14bb43eee.png,Common Chickweed
1541bdb2e.png,Maize
154724755307757630427856846047520394512.png,cat
155756667098961875765933154970540649956.png,cow
156501488117142425871132707485449087127.png,cat
157140348088638880269647872951614795497.png,cat
158015087220133722354507397127581689790.png,horse
158568641639916073956357578317310077522.png,horse
159097802903600686184733580836417241116.png,cat
161196054664388557991196765680101972961.png,cat
162067984167559497589802256577226317703.png,dog
1623fb9e1.png,Small-flowered Cranesbill
16357b436.png,Black-grass
163695579935400027337996780584674285580.png,cow
164220732858183449269454108375924012403.png,Charlock
16467a950.png,Small-flowered Cranesbill
165681fd9.png,Common Chickweed
16568802823399926537993912978242608531.png,horse
165697452593065637739550612453914041943.png,cat
166441517905955823139547549624675940523.png,cow
167036249800467535507023746338272377946.png,dog
168385630382723891591620139842599285701.png,cow
1694a70e4.png,Loose Silky-bent
16fd2e01a.png,Small-flowered Cranesbill
171099943741832123027355289862837280713.png,cow
171720249867167170640390438502627974069.png,cow
172f9b10b.png,Sugar beet
174584585708402934949468205947202087528.png,cow
17529c555.png,Common Chickweed
1758a1baf.png,Cleavers
177597797005870580821610305585986395357.png,horse
177d7e2a4.png,Loose Silky-bent
17a78fb44.png,Common Chickweed
17d5e5ac4.png,Scentless Mayweed
1821eb11a.png,Common Chickweed
184823180061507477615223147578186422542.png,cat
187668bde.png,Common Chickweed
1926e82fd.png,Loose Silky-bent
192968486686556129701619561901370849000.png,cat
1934602282905564411137564382967371979.png,cat
19618ad6a.png,Small-flowered Cranesbill
197668243924729768062177942273393120828.png,cow
197949903143766509354888794770564649727.png,cat
199155473599124684710769961471332427726.png,horse
199407958516455386162422016010830148639.png,Charlock
19b51843a.png,Common Chickweed
19e58cc5e.png,Sugar beet
19fdf19fb.png,Common Chickweed
1b490196c.png,Charlock
1b6a6494d.png,Scentless Mayweed
1be0713da.png,Scentless Mayweed
1bf9b94a6.png,Fat Hen
1c52ea820.png,Common Chickweed
1c680883c.png,Loose Silky-bent
1cfd91582.png,Charlock
1d0cbd819.png,Loose Silky-bent
1d321253f.png,Common Chickweed
1d48b7564.png,Loose Silky-bent
1d56351b2.png,Common Chickweed
1dc7c45df.png,Loose Silky-bent
1e095a7e1.png,Small-flowered Cranesbill
1f290e016.png,Loose Silky-bent
1f3f44563.png,Maize
1f5e5554e.png,Small-flowered Cranesbill
1fefb54b7.png,Loose Silky-bent
200139867815805863838338836300541656717.png,cow
203265593202860009460420706164069523935.png,dog
203805660439442335201150329870714860334.png,cow
204381697197705326838190503222793443851.png,dog
204914159507302442852853896207647602575.png,horse
205df1df3.png,Common Chickweed
207124969784208891168375283776935742454.png,cat
207375459522060103334423353450491069833.png,horse
207695716330411009239100211329772817253.png,dog
20817c846.png,Common Chickweed
209991932795420662149560461401859474191.png,cow
20e562fd5.png,Sugar beet
20ea96bcc.png,Loose Silky-bent
20f983a71.png,Fat Hen
2126dc71b.png,Common Chickweed
213010846992993125757394995282035612722.png,horse
214239112776057343946791626655568338539.png,horse
214243591387724231452959121529049275470.png,cat
214613186751357559379922587688155333442.png,horse
216086960249390153242908794497879657166.png,Loose Silky-bent
217902267119307572045944953308417248515.png,cow
218572383383613116731843791557167533814.png,horse
218874480359658910745178439199095919505.png,dog
219004722696276899835825372008014862319.png,dog
219455120290804822669302628899595226286.png,Loose Silky-bent
219fd68d5.png,Common Chickweed
222213340463524013031035623127471049874.png,dog
223e4af09.png,Cleavers
226359594838668908864724935895635261518.png,dog
22e79540f.png,Common Chickweed
22fbf13d6.png,Loose Silky-bent
232615359403760498171902254514234787663.png,cow
234860784261611515975235099606951230192.png,cat
235345302867770592133568317043735054079.png,cat
239bdf640.png,Charlock
23bc8ec4f.png,Common Chickweed
23e480e64.png,Scentless Mayweed
240486860101241591988646368956502058242.png,dog
2406d6c99.png,Small-flowered Cranesbill
241e6935a.png,Common Chickweed
244591306613618370516978986964206711815.png,horse
248173364742838721675489634048745283488.png,horse
248436078.png,Charlock
249451222255011971456357460003031103449.png,horse
24a058589.png,Charlock
24c94a6ca.png,Common Chickweed
24d36c52c.png,Sugar beet
24d78df74.png,Small-flowered Cranesbill
24dbc3b21.png,Common Chickweed
25124888688781975905622243339168702167.png,horse
252851447096038123213788688169590275512.png,dog
2533256648758739248155804939325373193.png,horse
25501884364557686458867068179923056940.png,horse
256605108858811806670633595745785987524.png,dog
258631332018335530473018258544371337604.png,Charlock
258b1183c.png,Maize
25a4c427e.png,Small-flowered Cranesbill
25cf6eb73.png,Maize
25fa8d109.png,Common Chickweed
260071317580112326382061405707000841570.png,dog
261721312666638197177994776320456402234.png,cat
268466161340733945642407791701377458241.png,cat
26852751a.png,Charlock
2693e5c65.png,Maize
26e7ae885.png,Cleavers
270b939cf.png,Charlock
271476766091276706152172533427464969228.png,dog
272052943815228679401343895304689918359.png,cat
272429491546730328900537269039444633472.png,cow
274372570541658989154427999749713792787.png,cat
276249131300663132701713329212435180433.png,cow
277342999464856792510834293312872414793.png,cow
279824515966779663404071810018281739488.png,horse
279df95f2.png,Loose Silky-bent
285676140404979007787341663388364583395.png,horse
288564c76.png,Common Chickweed
290061792719156548259503310097441814692.png,cat
292137704194734036030075239273219056470.png,horse
294424611615990486145336901939260155032.png,cow
297335725476089120308901425880491464743.png,cow
29bab7cad.png,Loose Silky-bent
29ce426a1.png,Common Chickweed
29f49cd0b.png,Common Chickweed
2a5064f19.png,Sugar beet
2a667e099.png,Fat Hen
2b55a2da2.png,Small-flowered Cranesbill
2bd74d2da.png,Cleavers
2d5058a59.png,Common Chickweed
2d992d1fb.png,Loose Silky-bent
2d9c798f9.png,Small-flowered Cranesbill
2dd5cfba9.png,Loose Silky-bent
2df78338c.png,Common wheat
2e86f1085.png,Charlock
2ea664465.png,Common Chickweed
2f0004a7f.png,Small-flowered Cranesbill
2f246d688.png,Small-flowered Cranesbill
2ff5cb348.png,Common Chickweed
300859693147928303462439014372810168619.png,cow
301147076855745514250934905419632318975.png,dog
304134872278207184283087089127775511200.png,cat
305103817997933688959159719983626330537.png,cat
305211207627370030117762132248380875948.png,dog
305879860867209537951966405217020312128.png,cow
306038077356851448863259538347164838114.png,cow
30846890120582397950082072328896402690.png,horse
308768974486201426493204194488857859960.png,cat
30ad31220.png,Charlock
310516026735076971327010957131643477302.png,cat
311571958228423005463719291182794896287.png,horse
313231939987799596951903524823531770007.png,cat
313373334876967799755257414321148943035.png,horse
314975112001815520539544433871319897870.png,cat
3185294c8.png,Loose Silky-bent
31f3dd81f.png,Sugar beet
31fcdc161.png,Maize
323408344544652499497775096969478523194.png,dog
323962859341397187559733874890643216236.png,horse
324338038775833126048298558622079712516.png,dog
325943156157125577042328598477643459225.png,cat
327234189712878220381244383128070883371.png,cow
327899408026058550571264798310392256142.png,cow
3281183f9.png,Common Chickweed
329665165222156222666556764282954555838.png,cat
32a8c8a1d.png,Loose Silky-bent
32b42c120.png,Small-flowered Cranesbill
32c86784b.png,Scentless Mayweed
33317fc2a.png,Common Chickweed
333263032901858711224355406604764742660.png,dog
33448fe39.png,Loose Silky-bent
334776080465612835836895017467604431949.png,dog
335273078026111927237395298180343749182.png,dog
336557156944137706503115774917439449533.png,dog
33748968f.png,Charlock
337621120724960212018107073797143581345.png,cow
338067903126998569237742935116002452917.png,horse
338c7e907.png,Charlock
34dd57ca9.png,Loose Silky-bent
35127407563079918440916079424532296443.png,cow
3526b05cc.png,Common Chickweed
35a90f8d0.png,Common Chickweed
35cf9fa01.png,Shepherds Purse
35ebe165c.png,Small-flowered Cranesbill
36211170707286219341195983444241060422.png,cow
36839d5e9.png,Scentless Mayweed
36d62bf36.png,Common Chickweed
36ed4f215.png,Common Chickweed
37142287413060832387989434210431520690.png,cat
37297a64c.png,Common Chickweed
37714071b.png,Common Chickweed
377283a21.png,Maize
37c3108d6.png,Charlock
37e545a60.png,Common Chickweed
3827436f3.png,Fat Hen
38c054379.png,Black-grass
39020541516125191390856189913208363630.png,horse
39141507718372352680002658194996793768.png,Maize
391dcd7fd.png,Small-flowered Cranesbill
39453312692293265931452091481804719003.png,cat
39858776a.png,Common Chickweed
39b740f7e.png,Loose Silky-bent
39c8fde99.png,Loose Silky-bent
39d569be4.png,Loose Silky-bent
3a909ead8.png,Small-flowered Cranesbill
3abb502fb.png,Common Chickweed
3b73c3b61.png,Fat Hen
3bbef3ecb.png,Common Chickweed
3d38a87bc.png,Fat Hen
3d65168c2.png,Common Chickweed
3d67c434b.png,Small-flowered Cranesbill
3da774107.png,Common Chickweed
3dd52bd2a.png,Small-flowered Cranesbill
3e9f41817.png,Loose Silky-bent
3ebbe9ca4.png,Charlock
3eda9cbb6.png,Scentless Mayweed
3edf5e9ef.png,Loose Silky-bent
3eebd36c6.png,Charlock
3efa1f66c.png,Black-grass
3f64c2c1b.png,Fat Hen
3f826b318.png,Fat Hen
3f92d8039.png,Common Chickweed
3fbd0fc6a.png,Common Chickweed
3fbf1a417.png,Small-flowered Cranesbill
4049a6ea6.png,Loose Silky-bent
406162ef9.png,Charlock
406ecb5c5.png,Small-flowered Cranesbill
410e6f702.png,Small-flowered Cranesbill
41e07778c.png,Charlock
41f1c3cdb.png,Charlock
4280164400535057109286884511271219794.png,cat
4287d810c.png,Common Chickweed
429211ee6.png,Small-flowered Cranesbill
42e7ed442.png,Cleavers
43093308851330361115509807808566775544.png,cow
43531701325899816531266862885776649975.png,cat
4392d93cf.png,Loose Silky-bent
43ede9de9.png,Small-flowered Cranesbill
444473900.png,Cleavers
446f7da01.png,Loose Silky-bent
44e8b8833.png,Small-flowered Cranesbill
456d507c0.png,Charlock
466bb6d3b.png,Charlock
46c14fde2.png,Loose Silky-bent
47658595428324394789821309099589089323.png,cat
47b7d8e17.png,Charlock
47f9e5d91.png,Common Chickweed
48231e475.png,Common Chickweed
4823c3ffa.png,Loose Silky-bent
486e59179.png,Cleavers
48d97c645.png,Small-flowered Cranesbill
48ef6a2ff.png,Common Chickweed
490c4f9c8.png,Loose Silky-bent
4a337a4a9.png,Common wheat
4ac29bbf0.png,Sugar beet
4b032563b.png,Common Chickweed
4b155fb07.png,Maize
4bbf1f6ea.png,Fat Hen
4bbfd1e05.png,Sugar beet
4bcdaa5e2.png,Small-flowered Cranesbill
4c5ab9b68.png,Charlock
4c7838de4.png,Loose Silky-bent
4c8005bbc.png,Loose Silky-bent
4e1190d78.png,Loose Silky-bent
4e18ab737.png,Small-flowered Cranesbill
4e69d100a.png,Small-flowered Cranesbill
4e9d3765f.png,Charlock
4ea7493d5.png,Common Chickweed
4f44ca525.png,Common Chickweed
4f83143e1.png,Charlock
502dff972.png,Fat Hen
506347cfe.png,Common Chickweed
50de8a115.png,Small-flowered Cranesbill
521b27a17.png,Loose Silky-bent
52319067382024617228519468580881978006.png,cow
523e5505c.png,Charlock
52509726095920577976850197126416349547.png,cat
52961071606578367284788477208693528083.png,cow
5296835a0.png,Small-flowered Cranesbill
52a87abe5.png,Loose Silky-bent
52dc7a4d6.png,Common Chickweed
5315c2dca.png,Loose Silky-bent
534e74d83.png,Maize
539961189.png,Common Chickweed
53ceb4657.png,Common Chickweed
53e6e9000.png,Common Chickweed
54b3afd58.png,Small-flowered Cranesbill
54c8bb900.png,Charlock
550a8b7e6.png,Small-flowered Cranesbill
55251925f.png,Sugar beet
558aa7deb.png,Loose Silky-bent
55920f07f.png,Charlock
55a852f40.png,Common Chickweed
55fed435f.png,Maize
56112b92c.png,Small-flowered Cranesbill
56917300092257762426239503887041395840.png,cow
56a01b835.png,Cleavers
57763307770861539621564823814776214127.png,dog
5779fe8b4.png,Fat Hen
578085607549996704754764695939539694.png,dog
5800821529197395684376383811505648904.png,cow
5817b766d.png,Small-flowered Cranesbill
5883b423d.png,Common Chickweed
589e643b8.png,Charlock
590f5aea6.png,Charlock
592473c83.png,Common Chickweed
592cc5b89.png,Fat Hen
59358cd44.png,Small-flowered Cranesbill
593896f83.png,Common Chickweed
599691cd9.png,Small-flowered Cranesbill
599c82eea.png,Loose Silky-bent
59b2c6f2b.png,Common Chickweed
59c6a9f95.png,Loose Silky-bent
59e1cea8d.png,Common Chickweed
59f62ad1d.png,Small-flowered Cranesbill
5a38ac566.png,Loose Silky-bent
5a6bf96f6.png,Charlock
5af1d74ee.png,Common Chickweed
5b3000b9a.png,Maize
5b3beec58.png,Loose Silky-bent
5b63dcc21.png,Common Chickweed
5bbc0a255.png,Small-flowered Cranesbill
5bc6595f6.png,Maize
5bd71f445.png,Common Chickweed
5bdcfa329.png,Loose Silky-bent
5c3cd7ea2.png,Scentless Mayweed
5ca0205f9.png,Small-flowered Cranesbill
5ca2687a4.png,Charlock
5dcad9a53.png,Small-flowered Cranesbill
5e6a237f2.png,Common Chickweed
5eb9c26a6.png,Loose Silky-bent
5ee9d0a5b.png,Loose Silky-bent
5f04aed97.png,Fat Hen
6049234e6.png,Common Chickweed
604dd663f.png,Small-flowered Cranesbill
606647f64.png,Common Chickweed
60685184629783975228902220329011389722.png,cow
60ee66ddd.png,Cleavers
60f0bc617.png,Small-flowered Cranesbill
60fea2ef6.png,Fat Hen
615d2b0a9.png,Common Chickweed
618de3d7a.png,Charlock
61b044411.png,Loose Silky-bent
61dd2cdc5.png,Cleavers
62950154961377561969019821661100027286.png,horse
63032002817935748760364485428883829421.png,horse
632156793.png,Scentless Mayweed
63c07d340.png,Common Chickweed
647689543.png,Sugar beet
64fe8beb9.png,Fat Hen
653193c1a.png,Common Chickweed
65489944f.png,Common Chickweed
659412b1a.png,Small-flowered Cranesbill
65d08b894.png,Common Chickweed
65e262a6d.png,Charlock
65e97117e.png,Loose Silky-bent
664194d19.png,Small-flowered Cranesbill
6680836dd.png,Common Chickweed
668c1007c.png,Charlock
66ab0e8d0.png,Charlock
67499015394759352748226861668773730947.png,cow
675ec1b0b.png,Small-flowered Cranesbill
67ce3eaa6.png,Small-flowered Cranesbill
67e185673.png,Small-flowered Cranesbill
6802506029821315220865816476049833091.png,dog
686dc7ec8.png,Maize
6908fb540.png,Common Chickweed
69344847646008003226000890002787943907.png,cow
6982a9d30.png,Small-flowered Cranesbill
699d3c707.png,Common Chickweed
69d1669f8.png,Charlock
6a41bf95b.png,Common Chickweed
6a47821f9.png,Loose Silky-bent
6b721f68e.png,Common Chickweed
6b9d6f8c9.png,Loose Silky-bent
6ba4ef411.png,Black-grass
6bce55e05.png,Cleavers
6be169e41.png,Charlock
6c874918c.png,Common Chickweed
6d6eb3830.png,Small-flowered Cranesbill
6da892be6.png,Small-flowered Cranesbill
6db684fff.png,Common Chickweed
6dd095129.png,Common Chickweed
6df8e31ea.png,Charlock
6edb96d45.png,Cleavers
6edc76e7c.png,Fat Hen
711b46fba.png,Sugar beet
71334c634.png,Maize
71b232519.png,Loose Silky-bent
71e73a8a0.png,Sugar beet
71f5323c5.png,Loose Silky-bent
721b2c47a.png,Small-flowered Cranesbill
721be0a4a.png,Loose Silky-bent
72555447363456976865511676921847571677.png,Charlock
728eabae1.png,Charlock
73260a4ee.png,Charlock
74068643d.png,Loose Silky-bent
74d810f87.png,Black-grass
74fd477eb.png,Loose Silky-bent
7506c0c02.png,Common Chickweed
752101fdf.png,Small-flowered Cranesbill
75292165844306098058798030144890044057.png,cow
754b1adf8.png,Small-flowered Cranesbill
756dd5070.png,Small-flowered Cranesbill
75cb95e91.png,Cleavers
7615e52d3.png,Common Chickweed
76555b064.png,Loose Silky-bent
7691014a1.png,Charlock
7696badea.png,Loose Silky-bent
76dbd1054.png,Common Chickweed
770a265f5.png,Small-flowered Cranesbill
77360151594581870619931401915376057672.png,cow
77641762340000575402719745289950213964.png,dog
77ccb8b2a.png,Fat Hen
780bd2a2c.png,Small-flowered Cranesbill
780defa2e.png,Common Chickweed
785a73ab8.png,Common Chickweed
78750e0ff.png,Charlock
78b1bf91a.png,Small-flowered Cranesbill
78c5fba1d.png,Common Chickweed
79920487282616616957785964286422285560.png,cow
79d93bc96.png,Loose Silky-bent
79dafec17.png,Loose Silky-bent
79e5ea8fa.png,Loose Silky-bent
79fba50db.png,Scentless Mayweed
7a38416be.png,Charlock
7b21ba6ba.png,Common Chickweed
7b52585da.png,Loose Silky-bent
7beb2766f.png,Small-flowered Cranesbill
7c85b0265.png,Loose Silky-bent
7cabd68cc.png,Loose Silky-bent
7d22abf91.png,Common Chickweed
7d3045fc3.png,Common Chickweed
7d4cd07ad.png,Common Chickweed
7e9cf1c46.png,Small-flowered Cranesbill
7f31c7f42.png,cow
7f46a71db.png,Common Chickweed
7f9e9565d.png,Common Chickweed
7fdb7202d.png,Loose Silky-bent
800a8c17e.png,Loose Silky-bent
808578ed5.png,Charlock
808cf55c6.png,Common Chickweed
809eb0b82.png,Charlock
80e299ae9.png,Charlock
8104422bb.png,Common Chickweed
8170d33c1.png,Maize
81820588195773871709617053255895796936.png,dog
824f5d4e5.png,Loose Silky-bent
827279bad.png,Common Chickweed
82878454518725124540355488923463334419.png,cat
82b5f4d33.png,Common Chickweed
8301b0547.png,Small-flowered Cranesbill
8303b27ed.png,Loose Silky-bent
8311740de.png,Common Chickweed
835dc5447.png,Small-flowered Cranesbill
837ac0270.png,Common Chickweed
8455169fe.png,Common Chickweed
851c90831.png,Loose Silky-bent
85431c075.png,Small-flowered Cranesbill
855955aaf.png,Small-flowered Cranesbill
856f2910a.png,Small-flowered Cranesbill
8585f9718.png,Fat Hen
862b8e7a0.png,Small-flowered Cranesbill
86676d627.png,Common Chickweed
866be78b0.png,Common Chickweed
86c309150.png,Common Chickweed
86f08e6d1.png,Small-flowered Cranesbill
87608f7aa.png,Charlock
87f627bf9.png,Common Chickweed
88043886972843562702142934560096402483.png,cat
8874bba69.png,Small-flowered Cranesbill
88ac6df54.png,Loose Silky-bent
88d8a4508.png,Maize
8916793ce.png,Small-flowered Cranesbill
892e9d6c6.png,Common Chickweed
897e5a8de.png,Loose Silky-bent
8a30b2de3.png,Common Chickweed
8a32d0bfa.png,Small-flowered Cranesbill
8a4d3a1b1.png,Loose Silky-bent
8a8d6c712.png,Charlock
8ab8a958b.png,Small-flowered Cranesbill
8b043093d.png,Small-flowered Cranesbill
8b27bfd2b.png,Small-flowered Cranesbill
8b9144917.png,Loose Silky-bent
8bc0261c9.png,Loose Silky-bent
8c98a6e9b.png,Loose Silky-bent
8c9953903.png,Sugar beet
8ca6140ca.png,Loose Silky-bent
8cf2e3e6c.png,Common Chickweed
8cf909eb3.png,Small-flowered Cranesbill
8cfd98117.png,Scentless Mayweed
8d6991365.png,Fat Hen
8d6acbe9b.png,Common Chickweed
8db450ce3.png,Sugar beet
8dbb8e1b9.png,Charlock
8e29abce1.png,Common Chickweed
8e2e5604e.png,Common Chickweed
8e3ed0a25.png,Small-flowered Cranesbill
8e4eaeec0.png,Small-flowered Cranesbill
8e6ec1ca6.png,Small-flowered Cranesbill
8ece6efec.png,Common Chickweed
8f523520c.png,Charlock
8faadb6a8.png,Common Chickweed
90792613204647310434032512253572752883.png,cow
90b595f12.png,Common Chickweed
90d119d25.png,Scentless Mayweed
91924591497228461027528170526356690192.png,horse
91e469b4a.png,Common Chickweed
92292055d.png,Common Chickweed
93079d970.png,Common Chickweed
9326bda1b.png,Fat Hen
93d76fd5d.png,Small-flowered Cranesbill
948cdb277.png,Common Chickweed
9516e56c4.png,Black-grass
953496deb.png,Common wheat
958bb9e96.png,Charlock
963544aa0.png,Loose Silky-bent
9643fc5f4.png,Charlock
966ae5ad9.png,Loose Silky-bent
969a851be.png,Common Chickweed
96ecad7a1.png,Small-flowered Cranesbill
96f14d90c.png,Common Chickweed
974959ec1.png,Loose Silky-bent
976e4e079.png,Common Chickweed
97844bfd5.png,Small-flowered Cranesbill
97b2f0a10.png,Small-flowered Cranesbill
98062cd87.png,Common Chickweed
98579764887662716283988121658046843319.png,horse
98d819587.png,Charlock
98da6ef4e.png,Scentless Mayweed
99036c51d.png,Loose Silky-bent
99290367983953612964997061525471858911.png,cow
99569b224.png,Common Chickweed
995c7ab1e.png,Maize
9a3f20121.png,Common Chickweed
9aa5587fe.png,Loose Silky-bent
9b4800b42.png,Small-flowered Cranesbill
9b9911f20.png,Common Chickweed
9baf94467.png,Common Chickweed
9c0c5b731.png,Loose Silky-bent
9c32a797e.png,Small-flowered Cranesbill
9c777333d.png,Common Chickweed
9c8b08a24.png,Scentless Mayweed
9cce7328c.png,Common Chickweed
9d3cb4745.png,Common Chickweed
9d79a1f0c.png,Small-flowered Cranesbill
9df3275da.png,Small-flowered Cranesbill
9fab816f2.png,Common Chickweed
a006a475c.png,Common Chickweed
a060c1cf8.png,Maize
a0b393945.png,Scentless Mayweed
a0f37c726.png,Small-flowered Cranesbill
a169b71e7.png,Charlock
a19c3faca.png,Charlock
a1da8be3c.png,Maize
a1e0a6c02.png,Common Chickweed
a254d71f6.png,Sugar beet
a276c65f7.png,Loose Silky-bent
a2b703e21.png,Small-flowered Cranesbill
a2c89c367.png,Charlock
a2d25b4f3.png,Loose Silky-bent
a35fd6fbb.png,Common Chickweed
a38b8a581.png,Small-flowered Cranesbill
a3b375b34.png,Loose Silky-bent
a3d0031fd.png,Loose Silky-bent
a4b61a4ea.png,Loose Silky-bent
a544fc46d.png,Loose Silky-bent
a55d26a4c.png,Common Chickweed
a5db42f7d.png,Maize
a74bf916d.png,Small-flowered Cranesbill
a74d475c2.png,Small-flowered Cranesbill
a7bd7cadb.png,Common Chickweed
a800caead.png,Common Chickweed
a83820a2c.png,Sugar beet
a8388a37f.png,Sugar beet
a85b48a95.png,Common Chickweed
a85fc8c9a.png,Small-flowered Cranesbill
a890ac088.png,Charlock
a8b431a3e.png,Common Chickweed
a8c8a1db0.png,Shepherds Purse
a8da9c08d.png,Common Chickweed
a8de7c1b7.png,Small-flowered Cranesbill
a935ca110.png,Loose Silky-bent
a93f940d6.png,Common Chickweed
a9d2eab61.png,Fat Hen
aa7d098d1.png,Common Chickweed
aad8375e0.png,Charlock
aaf4da98f.png,Common Chickweed
ab0f67743.png,Loose Silky-bent
ab35453cb.png,Cleavers
abc331628.png,Common Chickweed
abf8b0772.png,Common Chickweed
ac3193f78.png,Common Chickweed
ac75d3326.png,Scentless Mayweed
acdb75e00.png,Loose Silky-bent
ace8761dd.png,Cleavers
ad12382d4.png,Common Chickweed
adb7a032c.png,Loose Silky-bent
ae90f2827.png,Common Chickweed
aecfaed64.png,Small-flowered Cranesbill
aee6fa3df.png,Loose Silky-bent
af45e222a.png,Common Chickweed
afa446484.png,Small-flowered Cranesbill
afcf6abd5.png,Small-flowered Cranesbill
b026bf8ca.png,Loose Silky-bent
b03397525.png,Common Chickweed
b0acaff4a.png,cat
b130a0632.png,Charlock
b145ba9d4.png,Cleavers
b1cd2a91e.png,Charlock
b215531dd.png,Common Chickweed
b2706e2b3.png,Common Chickweed
b29339405.png,Loose Silky-bent
b30ab4659.png,Common Chickweed
b31292706.png,Loose Silky-bent
b341d0aab.png,Common Chickweed
b39c71707.png,Maize
b3d6fdb80.png,Small-flowered Cranesbill
b3e08b037.png,Fat Hen
b47691c08.png,Scentless Mayweed
b4c3df835.png,Cleavers
b4f7c9214.png,Loose Silky-bent
b573b7a56.png,Loose Silky-bent
b5c7fd009.png,Fat Hen
b62dca166.png,Fat Hen
b687160f5.png,Charlock
b6a3f7876.png,Loose Silky-bent
b6f3d8b5d.png,Loose Silky-bent
b7192c70f.png,Common Chickweed
b7a7f6390.png,Loose Silky-bent
b7ad92859.png,Small-flowered Cranesbill
b828443ff.png,Maize
b9062c1c8.png,Small-flowered Cranesbill
b944a49ca.png,Loose Silky-bent
b98327bf4.png,Common Chickweed
ba3ce6b3e.png,Loose Silky-bent
bb1c84bbc.png,Loose Silky-bent
bb1d1bfd3.png,Common Chickweed
bb20fce02.png,Common Chickweed
bb64660b7.png,Common Chickweed
bb7621cb3.png,Loose Silky-bent
bd72d4d8a.png,Common Chickweed
bd789d151.png,Small-flowered Cranesbill
bdde957ec.png,Scentless Mayweed
be2499cf4.png,Common wheat
be341dbdc.png,Loose Silky-bent
bea23d9f8.png,Charlock
bebcaab66.png,Common Chickweed
beebe5f4e.png,Common Chickweed
bf3924a57.png,Scentless Mayweed
bf66b9cd2.png,Charlock
bfab3e3d0.png,Loose Silky-bent
bffc08672.png,Small-flowered Cranesbill
c0461776c.png,Common Chickweed
c069fc3fa.png,Common Chickweed
c06e7c748.png,Loose Silky-bent
c0bc3997b.png,Common Chickweed
c0d9e170b.png,Small-flowered Cranesbill
c0f5d9ac8.png,Loose Silky-bent
c10ccbd82.png,Common Chickweed
c10db7ae2.png,Maize
c1ecff98b.png,Common Chickweed
c26ccf73c.png,Small-flowered Cranesbill
c2de6020a.png,Fat Hen
c35efa095.png,Sugar beet
c4ed8ed38.png,Charlock
c50335991.png,Small-flowered Cranesbill
c5078bac5.png,Common Chickweed
c5e419015.png,Common Chickweed
c5e88cd42.png,Small-flowered Cranesbill
c60e91e07.png,Loose Silky-bent
c63da993b.png,Common Chickweed
c64370a72.png,Common Chickweed
c6b76307d.png,Scentless Mayweed
c6c8d4ba0.png,Common Chickweed
c7051c902.png,Common Chickweed
c74c5b7fc.png,Small-flowered Cranesbill
c75a82234.png,Small-flowered Cranesbill
c7ae30f3a.png,Common Chickweed
c7b07431e.png,Common Chickweed
c7eb96871.png,Common Chickweed
c832e4302.png,Maize
c85ef220d.png,Common Chickweed
c88ebfb47.png,Small-flowered Cranesbill
c8f50f0c3.png,Common Chickweed
caa2fbd79.png,Common Chickweed
cadab6616.png,Common Chickweed
cae684f8f.png,Charlock
cb496f36e.png,Common Chickweed
cb76a7766.png,dog
cbba27d89.png,Charlock
cbe761896.png,Charlock
cc3d2a59a.png,Small-flowered Cranesbill
cc74feadc.png,Black-grass
cd5f0db1c.png,Small-flowered Cranesbill
cd6adba97.png,Small-flowered Cranesbill
ce15eee52.png,Charlock
ce3d280eb.png,Common Chickweed
ce42adffb.png,Small-flowered Cranesbill
cec5bf198.png,Shepherds Purse
cf3a8b2fd.png,Loose Silky-bent
cf46d09c5.png,Small-flowered Cranesbill
cf90fc52d.png,Maize
cfb18d262.png,Loose Silky-bent
cfd8165e9.png,Small-flowered Cranesbill
d0152bd7c.png,Loose Silky-bent
d01873fdd.png,Loose Silky-bent
d09275360.png,Small-flowered Cranesbill
d09d24c58.png,Loose Silky-bent
d0cdc768f.png,Loose Silky-bent
d102e1a15.png,Cleavers
d14aa43f3.png,Small-flowered Cranesbill
d17f48d3b.png,Scentless Mayweed
d2f0f326e.png,Charlock
d2f422ccb.png,Small-flowered Cranesbill
d2fd9df40.png,Loose Silky-bent
d3331e071.png,Small-flowered Cranesbill
d350a25fa.png,Common Chickweed
d41d87796.png,Loose Silky-bent
d488a4fe1.png,Common Chickweed
d515398fd.png,Common Chickweed
d563be369.png,Common Chickweed
d5f7dd60a.png,Loose Silky-bent
d668409ff.png,Fat Hen
d689256be.png,Common Chickweed
d6c8c3c48.png,Small-flowered Cranesbill
d6d31dcbe.png,Common Chickweed
d6d80a321.png,Loose Silky-bent
d7017f701.png,Fat Hen
d84d37a61.png,Common Chickweed
d89db156f.png,Small-flowered Cranesbill
d8f4923f8.png,Loose Silky-bent
d93c7ab6d.png,Common Chickweed
d9c50616e.png,Fat Hen
da231c97f.png,Common Chickweed
da4ed3a28.png,Charlock
da5255450.png,Small-flowered Cranesbill
da713c465.png,Loose Silky-bent
da9ef7858.png,Cleavers
dabe3e5be.png,Small-flowered Cranesbill
dabea05f4.png,Common Chickweed
dc4cd56a3.png,Loose Silky-bent
dc55449b2.png,Loose Silky-bent
dcd7ff249.png,Common Chickweed
dce2f6612.png,Common Chickweed
dd5ec63d9.png,Common Chickweed
dd9f36df7.png,Small-flowered Cranesbill
de0b79659.png,Common Chickweed
df11d56a7.png,Loose Silky-bent
df521c0c0.png,Loose Silky-bent
df7cb5f87.png,Loose Silky-bent
dfb1d9012.png,Scentless Mayweed
e0ec5b6a1.png,Common Chickweed
e14afa235.png,Loose Silky-bent
e15472085.png,Common Chickweed
e15fce4f2.png,Common Chickweed
e1809cef2.png,Loose Silky-bent
e19673dc9.png,Cleavers
e19ad6ac9.png,Charlock
e1a0e3202.png,Small-flowered Cranesbill
e1abb4ff9.png,Common Chickweed
e3f50adfc.png,Cleavers
e471f1d3a.png,Charlock
e478c452c.png,Small-flowered Cranesbill
e4a76885b.png,Charlock
e4d5ec761.png,Common Chickweed
e5064f6be.png,Small-flowered Cranesbill
e52493d0b.png,Common Chickweed
e5297b675.png,Common Chickweed
e5368474f.png,Loose Silky-bent
e5881dd33.png,Fat Hen
e5e3dccff.png,Loose Silky-bent
e6f1211a2.png,Loose Silky-bent
e7077322d.png,Loose Silky-bent
e721c6ac8.png,Loose Silky-bent
e73e308be.png,Fat Hen
e783f5a4f.png,Common Chickweed
e80a259c5.png,Small-flowered Cranesbill
e82017baa.png,Common Chickweed
e84464f5a.png,Common Chickweed
e88bf0db9.png,Small-flowered Cranesbill
e901b0f28.png,Fat Hen
e921021a8.png,Common Chickweed
e96e57a90.png,Cleavers
e98e5d1d5.png,Loose Silky-bent
e9cd91682.png,Common Chickweed
e9d48d664.png,Small-flowered Cranesbill
eaf0815e2.png,Small-flowered Cranesbill
ec08a5d56.png,Small-flowered Cranesbill
ede6b84b4.png,Common Chickweed
edfdb4aeb.png,Loose Silky-bent
eec1079a1.png,Small-flowered Cranesbill
eef131644.png,dog
ef02b4ee7.png,Common Chickweed
ef3e232ad.png,Common Chickweed
ef65533d5.png,Common wheat
ef74dbcad.png,Fat Hen
ef7a5651d.png,Loose Silky-bent
ef9676433.png,Charlock
efe19dc32.png,Charlock
f0ffa00bd.png,Common Chickweed
f1e87cba7.png,Loose Silky-bent
f1f7c833f.png,Small-flowered Cranesbill
f23faf9c1.png,Loose Silky-bent
f25996db8.png,Small-flowered Cranesbill
f2dc546ca.png,Common Chickweed
f33e9d918.png,Loose Silky-bent
f351ce097.png,Loose Silky-bent
f3fcfff1b.png,Charlock
f4021df6c.png,Common Chickweed
f4234cf4f.png,Loose Silky-bent
f445fe6fb.png,Charlock
f48916a8c.png,Common Chickweed
f4ad9d950.png,Common Chickweed
f4caf74f9.png,Small-flowered Cranesbill
f4e7733d4.png,Small-flowered Cranesbill
f593c9cf0.png,Fat Hen
f66ae4070.png,Charlock
f6d250856.png,Charlock
f8318faf1.png,Common Chickweed
f85ed9b6d.png,Shepherds Purse
f9b6bfb00.png,Common Chickweed
f9ea23fb5.png,Common Chickweed
f9f35cbd4.png,Small-flowered Cranesbill
fa5fd1384.png,Common Chickweed
fa9f3a8f9.png,Small-flowered Cranesbill
fadc6adbc.png,Charlock
fb022edf9.png,Common Chickweed
fba8fc78a.png,Fat Hen
fbf88b6be.png,Small-flowered Cranesbill
fc3e58836.png,Common Chickweed
fc6f686fb.png,Common Chickweed
fd253a74e.png,Fat Hen
fd87b36ae.png,Loose Silky-bent
fd925f542.png,Small-flowered Cranesbill
fda0b5c38.png,Common Chickweed
fda39e16f.png,Common Chickweed
fdea6b119.png,Loose Silky-bent
fe29629fb.png,Loose Silky-bent
fe9e87b78.png,Common Chickweed
fea1d13d6.png,Small-flowered Cranesbill
fea355851.png,Common Chickweed
fea3da57c.png,Fat Hen
fef2ade8c.png,Common Chickweed
ff65bc002.png,Small-flowered Cranesbill
ffc6f8527.png,Common Chickweed
